epoch,total_loss,data_loss,physics_loss
1.0,1045.2132568359375,1043.71630859375,1.4969786405563354
2.0,1043.65869140625,1042.17626953125,1.482442021369934
3.0,1042.1121826171875,1040.6434326171875,1.4687687158584595
4.0,1040.572021484375,1039.1160888671875,1.4559203386306763
5.0,1039.037109375,1037.59326171875,1.4438602924346924
6.0,1037.506591796875,1036.073974609375,1.4325677156448364
7.0,1035.9793701171875,1034.557373046875,1.4220267534255981
8.0,1034.4549560546875,1033.042724609375,1.4122196435928345
9.0,1032.9317626953125,1031.5286865234375,1.4031230211257935
10.0,1031.40869140625,1030.0140380859375,1.3947099447250366
11.0,1029.884765625,1028.497802734375,1.3869565725326538
12.0,1028.3580322265625,1026.9781494140625,1.3798468112945557
13.0,1026.82763671875,1025.4542236328125,1.3733749389648438
14.0,1025.2918701171875,1023.9243774414062,1.3675483465194702
15.0,1023.7496948242188,1022.3873291015625,1.3623852729797363
16.0,1022.1998291015625,1020.8419189453125,1.3579150438308716
17.0,1020.6410522460938,1019.286865234375,1.354174256324768
18.0,1019.0728759765625,1017.7216796875,1.3512076139450073
19.0,1017.493896484375,1016.1448364257812,1.3490657806396484
20.0,1015.9039916992188,1014.5562133789062,1.3478045463562012
21.0,1014.3023071289062,1012.954833984375,1.3474842309951782
22.0,1012.6885986328125,1011.3404541015625,1.3481700420379639
23.0,1011.0628051757812,1009.712890625,1.3499300479888916
24.0,1009.4244384765625,1008.0715942382812,1.3528367280960083
25.0,1007.7738037109375,1006.4168090820312,1.3569642305374146
26.0,1006.1104736328125,1004.7481079101562,1.362390160560608
27.0,1004.4352416992188,1003.0660400390625,1.369193434715271
28.0,1002.7478637695312,1001.3704223632812,1.3774540424346924
29.0,1001.0491943359375,999.6619262695312,1.3872507810592651
30.0,999.33935546875,997.940673828125,1.3986620903015137
31.0,997.618896484375,996.2071533203125,1.411761999130249
32.0,995.8886108398438,994.4619750976562,1.4266197681427002
33.0,994.149169921875,992.7058715820312,1.4432960748672485
34.0,992.4012451171875,990.9393920898438,1.461842656135559
35.0,990.6456909179688,989.1633911132812,1.4822971820831299
36.0,988.88330078125,987.3786010742188,1.5046817064285278
37.0,987.1148071289062,985.5858154296875,1.5289992094039917
38.0,985.341552734375,983.7863159179688,1.5552303791046143
39.0,983.5638427734375,981.9805297851562,1.583330750465393
40.0,981.7830200195312,980.1697998046875,1.6132290363311768
41.0,979.9998779296875,978.3550415039062,1.6448242664337158
42.0,978.21533203125,976.537353515625,1.6779851913452148
43.0,976.4305419921875,974.718017578125,1.7125506401062012
44.0,974.6461791992188,972.8978271484375,1.7483279705047607
45.0,972.8629760742188,971.077880859375,1.7850942611694336
46.0,971.08203125,969.2594604492188,1.8225958347320557
47.0,969.3042602539062,967.4437255859375,1.8605492115020752
48.0,967.5303955078125,965.6317749023438,1.8986413478851318
49.0,965.7609252929688,963.8244018554688,1.936532735824585
50.0,963.9969482421875,962.0230712890625,1.973859190940857
51.0,962.23876953125,960.228515625,2.0102386474609375
52.0,960.4873046875,958.4420166015625,2.0452768802642822
53.0,958.7427368164062,956.6641845703125,2.0785751342773438
54.0,957.006103515625,954.8963623046875,2.1097397804260254
55.0,955.277587890625,953.1392211914062,2.1383914947509766
56.0,953.557861328125,951.3936767578125,2.1641745567321777
57.0,951.8470458984375,949.6602783203125,2.186768054962158
58.0,950.1458129882812,947.93994140625,2.2058916091918945
59.0,948.4547729492188,946.2334594726562,2.2213151454925537
60.0,946.774169921875,944.5413208007812,2.232862949371338
61.0,945.1041870117188,942.86376953125,2.2404181957244873
62.0,943.4456787109375,941.2017822265625,2.243925094604492
63.0,941.7990112304688,939.5556030273438,2.243389129638672
64.0,940.1644287109375,937.925537109375,2.2388756275177
65.0,938.5428466796875,936.3123168945312,2.23050594329834
66.0,936.9341430664062,934.7156982421875,2.218454360961914
67.0,935.3392333984375,933.1362915039062,2.202941417694092
68.0,933.75830078125,931.5740966796875,2.1842284202575684
69.0,932.1923217773438,930.0297241210938,2.1626100540161133
70.0,930.6411743164062,928.5027465820312,2.1384077072143555
71.0,929.105712890625,926.9937744140625,2.11196231842041
72.0,927.5863037109375,925.502685546875,2.083627223968506
73.0,926.0830078125,924.0292358398438,2.0537607669830322
74.0,924.5964965820312,922.5737915039062,2.022722005844116
75.0,923.127197265625,921.1363525390625,1.9908628463745117
76.0,921.6749267578125,919.7164306640625,1.9585239887237549
77.0,920.2404174804688,918.3143920898438,1.926029920578003
78.0,918.8234252929688,916.9297485351562,1.8936854600906372
79.0,917.4243774414062,915.5626220703125,1.861771583557129
80.0,916.0433349609375,914.2127685546875,1.8305432796478271
81.0,914.6802368164062,912.8800048828125,1.800228238105774
82.0,913.3349609375,911.56396484375,1.771024465560913
83.0,912.0077514648438,910.2646484375,1.7430992126464844
84.0,910.6983642578125,908.9817504882812,1.7165906429290771
85.0,909.4065551757812,907.7149658203125,1.6916072368621826
86.0,908.1324462890625,906.4642333984375,1.6682283878326416
87.0,906.8756713867188,905.2291870117188,1.646506667137146
88.0,905.6360473632812,904.0095825195312,1.6264691352844238
89.0,904.4132690429688,902.80517578125,1.6081194877624512
90.0,903.2072143554688,901.6157836914062,1.5914406776428223
91.0,902.0178833007812,900.4414672851562,1.5763969421386719
92.0,900.8446044921875,899.2816772460938,1.56293523311615
93.0,899.6873779296875,898.1364135742188,1.5509897470474243
94.0,898.5458984375,897.0054321289062,1.540481686592102
95.0,897.4200439453125,895.8887329101562,1.5313221216201782
96.0,896.3095703125,894.7861328125,1.5234147310256958
97.0,895.2139892578125,893.6973266601562,1.5166553258895874
98.0,894.133544921875,892.6226196289062,1.5109357833862305
99.0,893.0675048828125,891.5613403320312,1.5061430931091309
100.0,892.0159912109375,890.5138549804688,1.5021625757217407
